{"values": [{"perCapitaI": 195.75999999999999, "amounti": 60500000, "values": 60500000, "gdpP": 0.0041260000000000003, "label": "2010"}, {"perCapitaI": 0.0, "amounti": 0, "values": 0, "gdpP": 0.0, "label": "2011"}, {"perCapitaI": 0.0, "amounti": 0, "values": 0, "gdpP": 0.0, "label": "2012"}], "label": ["Allowances"]}