{"values": [{"perCapitaI": 17.800000000000001, "amounti": 5500000, "values": 5500000, "gdpP": 0.00037500000000000001, "label": "2010"}, {"perCapitaI": 0.0, "amounti": 0, "values": 0, "gdpP": 0.0, "label": "2011"}, {"perCapitaI": 0.0, "amounti": 0, "values": 0, "gdpP": 0.0, "label": "2012"}], "label": ["Health reform"]}