{"values": [{"perCapitaI": 161.78999999999999, "amounti": 50000000, "values": 50000000, "gdpP": 0.0034099999999999998, "label": "2010"}, {"perCapitaI": 0.0, "amounti": 0, "values": 0, "gdpP": 0.0, "label": "2011"}], "label": ["Jobs bill"]}